P,N,lead,time
16,67108864,leader,10.646609
16,67108864,noleader,13.293102
24,67108864,leader,10.479088
24,67108864,noleader,11.359712
16,67108864,leader,10.282383
16,67108864,noleader,11.053558
24,67108864,leader,10.631687
24,67108864,noleader,11.870124
16,67108864,leader,10.565257
16,67108864,noleader,11.074537
24,67108864,leader,11.536686
24,67108864,noleader,16.869413
