N,stencil,time
262144,5,0.045870
262144,9,0.056290
4194304,5,0.714495
4194304,9,0.790445
262144,5,0.044295
262144,9,0.055434
4194304,5,0.724083
4194304,9,0.770300
262144,5,0.047948
262144,9,0.056771
4194304,5,0.707778
4194304,9,0.775428
